AAPL,AIG,AML.L,AMZN,BHC,BP,EUE.L,FB,HSBA.L,HDLV.L,IAG.L,NKE,MCD,KO,DIS,WMT,V,IUKP.L,PHGP.L,VEUR.L,EXS1.DE,VUSA.L,BRKB,VWRL.L,VUKG.L,IITU.L,CNDX.L,CNX1.L,BARC.L,RDSA.L,TSCO.L,EXW1.DE,ISF.L,INRG.L,NKLA,TSLA,VOD.L,AZN.L,GSK.L,IBM,PH,VZ,FDX,UBER,PTON,NIO,NFLX,BYND,GOOG,GOOGL,TWTR,BABA,WORK,NVDA,SNAP,PMO,RKT,SPCE,MKS.L
106.83999633789062,27.989999771118164,57.25,2954.909912109375,17.190000534057617,18.8799991607666,33.28879928588867,252.52999877929688,304.0,26.020000457763672,110.55000305175781,114.66000366210938,220.27000427246094,50.45000076293945,128.6300048828125,135.2899932861328,202.61000061035156,4.954899787902832,14313.5,,112.23999786376953,48.96500015258789,,72.62999725341797,26.387500762939453,1081.0,617.6300048828125,,97.41999816894531,1034.5999755859375,219.60000610351562,33.095001220703125,,,34.189998626708984,442.1499938964844,107.66000366210938,8746.0,1525.5999755859375,122.76000213623047,208.41000366210938,59.714202880859375,242.77999877929688,37.119998931884766,89.69999694824219,19.40999984741211,469.9599914550781,149.0399932861328,1459.989990234375,1451.0899658203125,40.150001525878906,272.4100036621094,25.510000228881836,487.57000732421875,23.81999969482422,13.26688003540039,22.270000457763672,17.209999084472656,110.75
110.08000183105469,26.979999542236328,53.25,2960.469970703125,16.520000457763672,18.31999969482422,33.28879928588867,248.14999389648438,288.0,24.967500686645508,97.19999694824219,113.37000274658203,216.41000366210938,49.09000015258789,125.41000366210938,137.07000732421875,197.4499969482422,480.70001220703125,14313.5,,112.23999786376953,48.96500015258789,,72.62999725341797,25.43000030517578,13.725000381469727,617.6300048828125,,92.16000366210938,1004.7999877929688,225.5,33.095001220703125,,,27.579999923706055,449.3900146484375,103.26000213623047,8612.0,1487.5999755859375,120.25,198.99000549316406,58.98200225830078,238.74000549316406,36.4900016784668,94.80000305175781,18.809999465942383,487.3500061035156,148.8000030517578,1431.1600341796875,1430.1400146484375,39.900001525878906,273.82000732421875,26.670000076293945,500.69000244140625,23.8799991607666,13.26688003540039,21.420000076293945,16.479999542236328,104.5
111.80999755859375,27.34000015258789,52.20000076293945,3128.989990234375,16.040000915527344,18.479999542236328,33.28879928588867,254.75,287.1000061035156,25.012500762939453,102.0,116.87000274658203,216.41000366210938,49.65999984741211,127.20999908447266,138.30999755859375,200.55999755859375,480.25,14313.5,,112.23999786376953,48.96500015258789,,72.62999725341797,25.657499313354492,14.0600004196167,617.6300048828125,,91.97000122070312,1033.800048828125,225.89999389648438,33.095001220703125,,,28.510000228881836,424.2300109863281,103.9800033569336,8580.0,1479.5999755859375,120.51000213623047,200.6300048828125,59.189788818359375,243.4199981689453,34.400001525878906,94.38999938964844,19.229999542236328,491.1700134277344,153.82000732421875,1465.4599609375,1459.8199462890625,42.72999954223633,275.2900085449219,26.40999984741211,505.510009765625,25.469999313354492,13.23699951171875,21.56999969482422,16.469999313354492,102.0
107.12000274658203,26.43000030517578,51.54999923706055,2999.860107421875,15.739999771118164,17.969999313354492,33.28879928588867,249.02000427246094,290.25,24.889999389648438,100.5999984741211,127.11000061035156,214.97000122070312,48.209999084472656,123.27999877929688,135.99000549316406,195.3699951171875,476.79998779296875,14313.5,,112.23999786376953,48.96500015258789,,72.62999725341797,25.899999618530273,14.164999961853027,617.6300048828125,,92.9000015258789,1031.199951171875,223.8000030517578,33.095001220703125,,,21.149999618530273,380.3599853515625,104.41999816894531,8812.0,1493.4000244140625,118.83000183105469,195.47000122070312,58.28937530517578,241.4199981689453,33.54999923706055,95.2300033569336,17.959999084472656,470.6099853515625,150.57000732421875,1415.2099609375,1409.3900146484375,45.33000183105469,272.95001220703125,26.3700008392334,484.95001220703125,25.3700008392334,13.119999885559082,20.299999237060547,15.729999542236328,100.44999694824219
108.22000122070312,26.479999542236328,49.540000915527344,3019.7900390625,15.220000267028809,17.93000030517578,33.28879928588867,249.52999877929688,286.70001220703125,24.302499771118164,95.23999786376953,124.75,216.1199951171875,48.70000076293945,122.48999786376953,136.6999969482422,195.52000427246094,472.5,14313.5,,112.23999786376953,48.96500015258789,,72.62999725341797,25.510000228881836,14.010000228881836,617.6300048828125,,92.87000274658203,1014.0,219.10000610351562,33.095001220703125,,,19.100000381469727,387.7900085449219,103.83999633789062,8559.0,1456.4000244140625,118.08999633789062,195.9199981689453,58.56642532348633,244.22000122070312,33.349998474121094,88.55999755859375,17.850000381469727,473.0799865722656,147.89999389648438,1428.2900390625,1422.8599853515625,43.13999938964844,269.7300109863281,26.59000015258789,493.9200134277344,24.31999969482422,13.050000190734863,20.059999465942383,15.920000076293945,97.22000122070312
112.27999877929688,27.06999969482422,50.0,3095.1298828125,15.300000190734863,17.860000610351562,33.28879928588867,254.82000732421875,283.3500061035156,24.302499771118164,94.63999938964844,124.2300033569336,218.17999267578125,48.720001220703125,124.0,137.27000427246094,197.25,472.5,14313.5,,112.23999786376953,48.96500015258789,,72.62999725341797,25.510000228881836,14.010000228881836,617.6300048828125,,91.55000305175781,1004.7999877929688,216.0,33.095001220703125,,,19.459999084472656,407.3399963378906,103.80000305175781,8576.0,1474.4000244140625,118.94999694824219,199.97999572753906,58.764320373535156,250.1699981689453,34.459999084472656,97.7300033569336,18.31999969482422,482.8800048828125,155.02000427246094,1444.9599609375,1439.06005859375,43.84000015258789,271.0899963378906,27.25,514.9500122070312,24.690000534057617,13.0,20.520000457763672,16.43000030517578,94.0
112.27999877929688,27.06999969482422,50.0,3095.1298828125,15.300000190734863,17.860000610351562,33.28879928588867,254.82000732421875,283.3500061035156,24.302499771118164,94.63999938964844,124.2300033569336,218.17999267578125,48.720001220703125,124.0,137.27000427246094,197.25,472.5,14313.5,,112.23999786376953,48.96500015258789,,72.62999725341797,25.510000228881836,14.010000228881836,617.6300048828125,,91.55000305175781,1004.7999877929688,216.0,33.095001220703125,,,19.459999084472656,407.3399963378906,103.80000305175781,8576.0,1474.4000244140625,118.94999694824219,199.97999572753906,58.764320373535156,250.1699981689453,34.459999084472656,97.7300033569336,18.31999969482422,482.8800048828125,155.02000427246094,1444.9599609375,1439.06005859375,43.84000015258789,271.0899963378906,27.25,514.9500122070312,24.690000534057617,13.0,20.520000457763672,16.43000030517578,94.0
112.27999877929688,27.06999969482422,50.0,3095.1298828125,15.300000190734863,17.860000610351562,33.28879928588867,254.82000732421875,283.3500061035156,24.302499771118164,94.63999938964844,124.2300033569336,218.17999267578125,48.720001220703125,124.0,137.27000427246094,197.25,472.5,14313.5,,112.23999786376953,48.96500015258789,,72.62999725341797,25.510000228881836,14.010000228881836,617.6300048828125,,91.55000305175781,1004.7999877929688,216.0,33.095001220703125,,,19.459999084472656,407.3399963378906,103.80000305175781,8576.0,1474.4000244140625,118.94999694824219,199.97999572753906,58.764320373535156,250.1699981689453,34.459999084472656,97.7300033569336,18.31999969482422,482.8800048828125,155.02000427246094,1444.9599609375,1439.06005859375,43.84000015258789,271.0899963378906,27.25,514.9500122070312,24.690000534057617,13.0,20.520000457763672,16.43000030517578,94.0
114.95999908447266,27.6299991607666,53.400001525878906,3174.050048828125,15.270000457763672,18.18000030517578,33.28879928588867,256.82000732421875,308.54998779296875,25.239999771118164,94.4000015258789,124.31999969482422,220.25999450683594,49.279998779296875,125.98999786376953,137.25,200.32000732421875,490.5249938964844,14313.5,,112.23999786376953,48.96500015258789,,72.62999725341797,26.0575008392334,14.460000038146973,617.6300048828125,,98.0,1002.4000244140625,218.0,33.095001220703125,,,19.299999237060547,421.20001220703125,103.9800033569336,8509.0,1463.199951171875,121.7300033569336,202.94000244140625,58.73463439941406,254.44000244140625,35.560001373291016,96.91000366210938,18.809999465942383,490.6499938964844,151.3000030517578,1464.52001953125,1458.6600341796875,44.150001525878906,276.010009765625,27.06999969482422,521.4000244140625,25.739999771118164,13.029999732971191,20.670000076293945,20.510000228881836,99.62000274658203
114.08999633789062,27.290000915527344,51.900001525878906,3144.8798828125,14.880000114440918,17.670000076293945,32.59989929199219,261.7900085449219,298.5,24.899999618530273,91.0,126.3499984741211,218.67999267578125,48.91999816894531,125.4000015258789,137.13999938964844,199.44000244140625,4.75029993057251,13964.5,,109.26000213623047,49.212501525878906,,72.08000183105469,25.860000610351562,1130.25,639.760009765625,,97.25,983.7999877929688,215.0,32.275001525878906,,,17.8799991607666,419.07000732421875,103.05999755859375,8539.0,1455.5999755859375,120.94000244140625,202.17999267578125,58.615901947021484,253.5,35.43000030517578,100.47000122070312,20.850000381469727,493.4800109863281,165.66000366210938,1469.3299560546875,1466.02001953125,44.7400016784668,276.92999267578125,26.969999313354492,529.030029296875,25.989999771118164,12.989999771118164,20.06999969482422,20.440000534057617,96.33999633789062
115.80999755859375,27.530000686645508,50.95000076293945,3148.72998046875,15.539999961853027,17.459999084472656,32.3911018371582,261.8999938964844,301.5,25.18000030517578,95.0199966430664,125.54000091552734,219.49000549316406,49.369998931884766,124.08000183105469,139.91000366210938,199.97000122070312,4.800099849700928,13946.0,,109.23999786376953,49.53120040893555,,72.30500030517578,25.737499237060547,1137.25,645.8499755859375,,97.61000061035156,963.9000244140625,212.5,32.25,,,20.479999542236328,429.010009765625,102.68000030517578,8457.0,1452.0,121.66999816894531,202.33999633789062,58.86326599121094,251.52000427246094,36.47999954223633,99.23999786376953,21.219999313354492,500.0299987792969,166.05999755859375,1469.5999755859375,1465.5999755859375,44.5,293.9800109863281,26.860000610351562,541.219970703125,26.110000610351562,12.970000267028809,19.93000030517578,19.229999542236328,97.5199966430664
116.79000091552734,27.719999313354492,50.0,3221.260009765625,15.890000343322754,16.829999923706055,32.40510177612305,266.6300048828125,304.6000061035156,25.104999542236328,93.81999969482422,126.63999938964844,219.58999633789062,49.18000030517578,123.30999755859375,143.0800018310547,203.35000610351562,4.865900039672852,14051.0,,108.31999969482422,49.720001220703125,,72.65499877929688,25.790000915527344,1145.75,650.1699829101562,,98.0,928.0,210.6999969482422,32.03499984741211,,,24.110000610351562,448.1600036621094,101.69999694824219,8479.0,1443.800048828125,121.08999633789062,200.72999572753906,58.82368850708008,254.0800018310547,37.13999938964844,105.19999694824219,21.760000228881836,527.510009765625,170.60000610351562,1490.0899658203125,1487.9000244140625,46.70000076293945,290.04998779296875,27.920000076293945,544.5800170898438,26.780000686645508,13.050000190734863,22.65999984741211,20.170000076293945,99.5199966430664
113.0199966430664,28.219999313354492,50.349998474121094,3125.0,15.779999732971191,16.850000381469727,32.37310028076172,259.94000244140625,308.20001220703125,25.2549991607666,91.4800033569336,126.63999938964844,222.6699981689453,49.36000061035156,122.55000305175781,140.5,201.4600067138672,4.886600017547607,13988.0,,108.12000274658203,49.127498626708984,,72.09500122070312,25.834999084472656,1121.5,641.1699829101562,,97.70999908447266,933.0999755859375,210.0,32.02000045776367,,,24.25,415.0899963378906,102.81999969482422,8431.0,1444.5999755859375,120.56999969482422,207.3000030517578,58.615901947021484,255.1999969482422,37.720001220703125,107.51000213623047,21.18000030517578,503.05999755859375,166.24000549316406,1458.4200439453125,1455.5999755859375,46.119998931884766,288.1700134277344,27.790000915527344,522.489990234375,26.639999389648438,13.050000190734863,23.0,20.770000457763672,98.69999694824219
113.0199966430664,28.219999313354492,50.349998474121094,3125.0,15.779999732971191,16.850000381469727,32.37310028076172,259.94000244140625,308.20001220703125,25.2549991607666,91.4800033569336,126.63999938964844,222.6699981689453,49.36000061035156,122.55000305175781,140.5,201.4600067138672,4.886600017547607,13988.0,,108.12000274658203,49.127498626708984,,72.09500122070312,25.834999084472656,1121.5,641.1699829101562,,97.70999908447266,933.0999755859375,210.0,32.02000045776367,,,24.25,415.0899963378906,102.81999969482422,8431.0,1444.5999755859375,120.56999969482422,207.3000030517578,58.615901947021484,255.1999969482422,37.720001220703125,107.51000213623047,21.18000030517578,503.05999755859375,166.24000549316406,1458.4200439453125,1455.5999755859375,46.119998931884766,288.1700134277344,27.790000915527344,522.489990234375,26.639999389648438,13.050000190734863,23.0,20.770000457763672,98.69999694824219
113.0199966430664,28.219999313354492,50.349998474121094,3125.0,15.779999732971191,16.850000381469727,32.37310028076172,259.94000244140625,308.20001220703125,25.2549991607666,91.4800033569336,126.63999938964844,222.6699981689453,49.36000061035156,122.55000305175781,140.5,201.4600067138672,4.886600017547607,13988.0,,108.12000274658203,49.127498626708984,,72.09500122070312,25.834999084472656,1121.5,641.1699829101562,,97.70999908447266,933.0999755859375,210.0,32.02000045776367,,,24.25,415.0899963378906,102.81999969482422,8431.0,1444.5999755859375,120.56999969482422,207.3000030517578,58.615901947021484,255.1999969482422,37.720001220703125,107.51000213623047,21.18000030517578,503.05999755859375,166.24000549316406,1458.4200439453125,1455.5999755859375,46.119998931884766,288.1700134277344,27.790000915527344,522.489990234375,26.639999389648438,13.050000190734863,23.0,20.770000457763672,98.69999694824219
116.5,29.049999237060547,50.0,3199.199951171875,16.170000076293945,17.190000534057617,32.37310028076172,264.6499938964844,309.3500061035156,25.735000610351562,91.54000091552734,127.91000366210938,226.07000732421875,49.380001068115234,123.37000274658203,141.8000030517578,203.5399932861328,494.875,13988.0,,108.12000274658203,49.127498626708984,,72.09500122070312,26.104999542236328,14.625,641.1699829101562,,99.44999694824219,957.5999755859375,212.60000610351562,32.02000045776367,,,23.780000686645508,425.67999267578125,107.68000030517578,8409.0,1449.800048828125,122.01000213623047,213.13999938964844,59.03147506713867,259.2099914550781,37.13999938964844,110.73999786376953,21.59000015258789,520.6500244140625,175.49000549316406,1486.02001953125,1482.8299560546875,47.310001373291016,288.2699890136719,28.280000686645508,545.7000122070312,27.540000915527344,13.050000190734863,22.559999465942383,21.010000228881836,99.81999969482422
113.16000366210938,28.979999542236328,51.95000076293945,3099.9599609375,15.3100004196167,16.93000030517578,32.37310028076172,258.6600036621094,314.29998779296875,25.66990089416504,98.0,127.6500015258789,224.08999633789062,48.939998626708984,120.93000030517578,140.6300048828125,200.4499969482422,494.875,13988.0,,108.12000274658203,49.127498626708984,,72.09500122070312,25.990999221801758,14.625,641.1699829101562,,104.18000030517578,982.7999877929688,214.0,32.02000045776367,,,23.56999969482422,413.9800109863281,110.36000061035156,8317.0,1430.0,121.97000122070312,209.83999633789062,58.833580017089844,259.2699890136719,36.2599983215332,111.30999755859375,20.670000076293945,505.8699951171875,181.86000061035156,1453.43994140625,1451.02001953125,45.599998474121094,292.3900146484375,28.450000762939453,549.4600219726562,26.729999542236328,13.130000114440918,21.719999313354492,21.030000686645508,97.5199966430664
115.08000183105469,29.559999465942383,49.880001068115234,3195.68994140625,16.079999923706055,17.030000686645508,32.37310028076172,258.1199951171875,315.3999938964844,25.895000457763672,97.5,130.05999755859375,226.47999572753906,49.560001373291016,122.91000366210938,140.88999938964844,202.47000122070312,495.25,13988.0,,108.12000274658203,49.127498626708984,,72.09500122070312,26.11750030517578,14.720000267028809,641.1699829101562,,104.5,969.7000122070312,212.60000610351562,32.02000045776367,,,25.719999313354492,425.29998779296875,109.16000366210938,8295.0,1416.0,124.06999969482422,217.5500030517578,58.98200225830078,268.260009765625,36.779998779296875,116.95999908447266,21.559999465942383,534.6599731445312,189.13999938964844,1460.2900390625,1459.1400146484375,45.869998931884766,296.5,29.440000534057617,558.5599975585938,26.670000076293945,13.140000343322754,21.700000762939453,21.81999969482422,97.41999816894531
114.97000122070312,30.260000228881836,50.75,3190.550048828125,18.040000915527344,17.489999771118164,32.37310028076172,263.760009765625,314.1000061035156,26.309999465942383,107.5,129.7100067138672,225.8000030517578,50.459999084472656,123.08999633789062,141.36000061035156,202.97999572753906,497.54998779296875,13988.0,,108.12000274658203,49.127498626708984,,72.09500122070312,26.267499923706055,14.800000190734863,641.1699829101562,,107.0999984741211,995.5999755859375,215.6999969482422,32.02000045776367,,,25.0,425.9200134277344,111.22000122070312,8371.0,1425.4000244140625,131.49000549316406,217.91000366210938,59.189998626708984,271.05999755859375,37.34000015258789,115.0,21.440000534057617,531.7899780273438,193.3800048828125,1485.9300537109375,1483.4300537109375,46.0099983215332,300.5400085449219,29.989999771118164,553.5499877929688,27.049999237060547,13.069999694824219,22.729999542236328,22.09000015258789,95.80000305175781
116.97000122070312,29.950000762939453,52.20000076293945,3286.64990234375,17.479999542236328,17.360000610351562,33.20600128173828,264.45001220703125,309.3999938964844,26.40999984741211,103.5,130.97999572753906,224.8300018310547,50.810001373291016,124.9800033569336,142.77999877929688,206.63999938964844,5.006199836730957,14051.5,,111.12000274658203,50.54750061035156,,73.91999816894531,26.385000228881836,1152.25,657.4749755859375,,107.27999877929688,1016.4000244140625,219.60000610351562,32.82500076293945,,,24.65999984741211,434.0,111.16000366210938,8424.0,1447.199951171875,127.79000091552734,218.11000061035156,59.33000183105469,271.54998779296875,37.27000045776367,123.0199966430664,21.469999313354492,539.4400024414062,194.94500732421875,1515.219970703125,1510.449951171875,45.900001525878906,299.739990234375,31.0,550.510009765625,27.0,13.119999885559082,22.959999084472656,21.399999618530273,99.19999694824219
116.97000122070312,29.950000762939453,52.20000076293945,3286.64990234375,17.479999542236328,17.360000610351562,33.20600128173828,264.45001220703125,309.3999938964844,26.40999984741211,103.5,130.97999572753906,224.8300018310547,50.810001373291016,124.9800033569336,142.77999877929688,206.63999938964844,5.006199836730957,14051.5,,111.12000274658203,50.54750061035156,,73.91999816894531,26.385000228881836,1152.25,657.4749755859375,,107.27999877929688,1016.4000244140625,219.60000610351562,32.82500076293945,,,24.65999984741211,434.0,111.16000366210938,8424.0,1447.199951171875,127.79000091552734,218.11000061035156,59.33000183105469,271.54998779296875,37.27000045776367,123.0199966430664,21.469999313354492,539.4400024414062,194.94500732421875,1515.219970703125,1510.449951171875,45.900001525878906,299.739990234375,31.0,550.510009765625,27.0,13.119999885559082,22.959999084472656,21.399999618530273,99.19999694824219
116.97000122070312,29.950000762939453,52.20000076293945,3286.64990234375,17.479999542236328,17.360000610351562,33.20600128173828,264.45001220703125,309.3999938964844,26.40999984741211,103.5,130.97999572753906,224.8300018310547,50.810001373291016,124.9800033569336,142.77999877929688,206.63999938964844,5.006199836730957,14051.5,,111.12000274658203,50.54750061035156,,73.91999816894531,26.385000228881836,1152.25,657.4749755859375,,107.27999877929688,1016.4000244140625,219.60000610351562,32.82500076293945,,,24.65999984741211,434.0,111.16000366210938,8424.0,1447.199951171875,127.79000091552734,218.11000061035156,59.33000183105469,271.54998779296875,37.27000045776367,123.0199966430664,21.469999313354492,539.4400024414062,194.94500732421875,1515.219970703125,1510.449951171875,45.900001525878906,299.739990234375,31.0,550.510009765625,27.0,13.119999885559082,22.959999084472656,21.399999618530273,99.19999694824219
124.4000015258789,30.459999084472656,52.5,3442.929931640625,17.280000686645508,17.239999771118164,33.20600128173828,275.75,308.20001220703125,26.469999313354492,101.75,129.4600067138672,226.11000061035156,51.09000015258789,124.97000122070312,144.25,206.39999389648438,505.20001220703125,14051.5,,111.12000274658203,50.54750061035156,,73.91999816894531,26.327499389648438,15.399999618530273,657.4749755859375,,105.83999633789062,990.5,219.10000610351562,32.82500076293945,,,24.149999618530273,442.29998779296875,111.83999633789062,8470.0,1431.4000244140625,127.20999908447266,218.07000732421875,59.54999923706055,273.5,36.2599983215332,127.30000305175781,21.850000381469727,539.8099975585938,192.3000030517578,1569.1500244140625,1564.5899658203125,48.25,306.3399963378906,31.790000915527344,569.0399780273438,26.959999084472656,13.140000343322754,23.139999389648438,20.56999969482422,97.54000091552734
123.38999938964844,29.55500030517578,50.099998474121094,3480.360107421875,17.049999237060547,16.700000762939453,3003.0,277.0899963378906,305.0,26.0,98.05370330810547,128.9499969482422,227.52999877929688,50.349998474121094,130.5500030517578,145.75,204.66909790039062,495.0,13820.0,25.96500015258789,110.76000213623047,51.51250076293945,213.5625,74.74440002441406,26.1200008392334,1195.5,685.0999755859375,52799.87890625,102.04000091552734,982.5,222.0,32.915000915527344,586.68798828125,928.0,24.355600357055664,445.58990478515625,112.04000091552734,8445.0,1436.5999755859375,125.12989807128906,214.91000366210938,58.959999084472656,272.30999755859375,35.880001068115234,128.92799377441406,21.454999923706055,547.4000244140625,185.50999450683594,1578.069091796875,1573.489990234375,47.56999969482422,308.32000732421875,32.29499816894531,569.739990234375,27.1018009185791,13.140000343322754,23.0,21.260000228881836,94.5
